<?xml version="1.0" encoding="UTF-8"?>
<beans xmlns="http://www.springframework.org/schema/beans"
       xmlns:context="http://www.springframework.org/schema/context"
       xmlns:xsi="http://www.w3.org/2001/XMLSchema-instance"
       xsi:schemaLocation="http://www.springframework.org/schema/beans http://www.springframework.org/schema/beans/spring-beans-3.0.xsd
                           http://www.springframework.org/schema/context http://www.springframework.org/schema/context/spring-context-3.0.xsd
                           http://www.springframework.org/schema/util http://www.springframework.org/schema/util/spring-util-3.0.xsd">

  <context:annotation-config/>

  <import resource="applicationContext-saiku-webapp.xml"/>
  <import resource="saiku-beans.xml"/>
  <import resource="spring-servlet.xml"/>

  <!-- global handler mapping interceptors -->
  <util:list id="enunciate-handler-interceptors" xmlns:util="http://www.springframework.org/schema/util">
  </util:list>

  <bean name="service-bean-interceptors" class="java.util.ArrayList">
    <qualifier value="enunciate-service-bean-interceptors"/>
    <constructor-arg>
      <list>
      </list>
    </constructor-arg>
  </bean>

  <!-- default, no-op, security checker --> 
  <bean class="org.codehaus.enunciate.service.DefaultSecurityExceptionChecker"/>
</beans>
